gameId,orig_trialNum,repNum,correct_tangram,words
22dyGMRgestp8u5Lc,0,0,C,jumping off building with hands in the air
22dyGMRgestp8u5Lc,1,0,G,like the a high heeled shoe tough one
22dyGMRgestp8u5Lc,2,0,H,no arms not legs like a necktie with the bottom turned slightly to the right
22dyGMRgestp8u5Lc,3,0,B,like a baby sitting on floor with arms out and a bow on the back of her head she is facing left and the bow in on the right
22dyGMRgestp8u5Lc,4,0,K,"kneeling in gown with Bible in hand, facing to the right heel up in back"
22dyGMRgestp8u5Lc,5,0,L,"Starting to stand after kneeling facing right, Bible still in hand"
22dyGMRgestp8u5Lc,6,0,A,"standing, but falling backward facing left right foot in the air arms out"
22dyGMRgestp8u5Lc,7,0,D,Priest standing up straight facing left reading from Bible
22dyGMRgestp8u5Lc,8,0,F,Guy relaxing in the park facing left arms to side (not visible) knees up
22dyGMRgestp8u5Lc,9,0,I,"standing, but falling forward left leg on ground right foot in air arms out to catch himself face left"
22dyGMRgestp8u5Lc,10,0,E,kid facing right sitting on butt knees up slightly wearing bunny ears
22dyGMRgestp8u5Lc,11,0,J,aaagh!! right half of a bowl or plant pot showing with a triangle on the top right edge not the very edge
22dyGMRgestp8u5Lc,12,1,K,Kneeling with bible facing to the right Heel up
22dyGMRgestp8u5Lc,13,1,L,Standing up from kneeling Bible still in hand
22dyGMRgestp8u5Lc,14,1,C,Falling off building Arms in air
22dyGMRgestp8u5Lc,15,1,D,Priest standing with bible Facing to the left
22dyGMRgestp8u5Lc,16,1,E,Bunny ears
22dyGMRgestp8u5Lc,17,1,A,"Falling backwards, facing left, arms out"
22dyGMRgestp8u5Lc,18,1,J,Half a pot with triangle on top
22dyGMRgestp8u5Lc,19,1,H,no arms or legs
22dyGMRgestp8u5Lc,20,1,G,"high heel shoe, facing left"
22dyGMRgestp8u5Lc,21,1,B,"baby looking up with arms out, bow on back of head"
22dyGMRgestp8u5Lc,22,1,I,"arms out in front, back leg up, facing left"
22dyGMRgestp8u5Lc,23,1,F,"sitting down, facing left, no arms visible"
22dyGMRgestp8u5Lc,24,2,H,No arms or legs upright
22dyGMRgestp8u5Lc,25,2,B,baby facing left sitting down bow in back of head
22dyGMRgestp8u5Lc,26,2,I,guy falling forward and left one leg up in back
22dyGMRgestp8u5Lc,27,2,E,kid sitting with bunny ears
22dyGMRgestp8u5Lc,28,2,L,starting to stand with Bible facing right
22dyGMRgestp8u5Lc,29,2,D,Priest standing facing left with Bible
22dyGMRgestp8u5Lc,30,2,F,guy relaxing in park facing left arms not visible
22dyGMRgestp8u5Lc,31,2,C,jumping off building to the left arms up
22dyGMRgestp8u5Lc,32,2,K,kneeling to right with Bible
22dyGMRgestp8u5Lc,33,2,J,half a bowl or pot with a triangle on top
22dyGMRgestp8u5Lc,34,2,G,high heel shoe
22dyGMRgestp8u5Lc,35,2,A,facing left one leg up arms up falling backward
22dyGMRgestp8u5Lc,36,3,F,"guy sitting in park, no arms visible, facing left"
22dyGMRgestp8u5Lc,37,3,G,high heel shoe
22dyGMRgestp8u5Lc,38,3,B,"baby looking up, bow in back of head"
22dyGMRgestp8u5Lc,39,3,E,bunny ears
22dyGMRgestp8u5Lc,40,3,A,"guy falling backward, arms out in front out*"
22dyGMRgestp8u5Lc,41,3,K,"priest kneeling with Bible, heel up"
22dyGMRgestp8u5Lc,42,3,J,half a pot with triangle on top
22dyGMRgestp8u5Lc,43,3,D,"priest holding Bible, facing left"
22dyGMRgestp8u5Lc,44,3,I,"man with arms out front, back leg up, facing left"
22dyGMRgestp8u5Lc,45,3,H,"no arms or legs, upright"
22dyGMRgestp8u5Lc,46,3,C,jumping off building with arms out front
22dyGMRgestp8u5Lc,47,3,L,"standing up from kneeling, facing right"
22dyGMRgestp8u5Lc,48,4,D,priest standing facing left with Bible
22dyGMRgestp8u5Lc,49,4,I,facing left falling arms out one leg up
22dyGMRgestp8u5Lc,50,4,G,high heel shoe
22dyGMRgestp8u5Lc,51,4,J,half pot or bowl with triangle on top
22dyGMRgestp8u5Lc,52,4,A,falling backward (sorry) facing left with arms up one leg out
22dyGMRgestp8u5Lc,53,4,C,jumping off building arms up
22dyGMRgestp8u5Lc,54,4,E,bunny ears
22dyGMRgestp8u5Lc,55,4,F,relaxing in park
22dyGMRgestp8u5Lc,56,4,B,baby left bow in hair arms out
22dyGMRgestp8u5Lc,57,4,H,no arms no legs
22dyGMRgestp8u5Lc,58,4,L,standing up with Bible facing right
22dyGMRgestp8u5Lc,59,4,K,kneeling with Bible facing right
22dyGMRgestp8u5Lc,60,5,L,standing up from kneeling
22dyGMRgestp8u5Lc,61,5,C,"jumping off building, arms out"
22dyGMRgestp8u5Lc,62,5,A,"falling backwards, one leg up"
22dyGMRgestp8u5Lc,63,5,I,"falling forward, arms out front"
22dyGMRgestp8u5Lc,64,5,D,"priest standing up, facing left"
22dyGMRgestp8u5Lc,65,5,B,baby with bow on back of head
22dyGMRgestp8u5Lc,66,5,F,relaxing in park
22dyGMRgestp8u5Lc,67,5,G,high heel shoe
22dyGMRgestp8u5Lc,68,5,K,"priest kneeling, heel up, facing right"
22dyGMRgestp8u5Lc,69,5,J,pot with triangle on top
22dyGMRgestp8u5Lc,70,5,H,no arms or legs
22dyGMRgestp8u5Lc,71,5,E,bunny ears
BTbGhXZvjdSFubTBg,0,0,E,The person sitting down with its arms above its head
BTbGhXZvjdSFubTBg,1,0,L,The person in a half kneeling position with the knees off the ground
BTbGhXZvjdSFubTBg,2,0,A,The person with one leg up and the head tilted back
BTbGhXZvjdSFubTBg,3,0,K,The person praying with head tilted up not very high
BTbGhXZvjdSFubTBg,4,0,F,sitting down in a slouched position arms down legs
BTbGhXZvjdSFubTBg,5,0,J,upright with a square back standing
BTbGhXZvjdSFubTBg,6,0,D,"a person standing holding out their hands, yes inverted top hat"
BTbGhXZvjdSFubTBg,7,0,B,kneeling with one hand in front and the other behind head tilted forward
BTbGhXZvjdSFubTBg,8,0,C,a person flying no legs
BTbGhXZvjdSFubTBg,9,0,H,sitting down no legs showing legs showing to one side no arms no feet yes kneeling
BTbGhXZvjdSFubTBg,10,0,I,One leg on floor the other leg up both arms outstretched head tilted back yes head looking behind
BTbGhXZvjdSFubTBg,11,0,G,kneeling with one leg in front and arm up by the =face maybe half kneeling half standing Head slightly back one arm
BTbGhXZvjdSFubTBg,12,1,A,head looking the other way one leg down one leg up upright zombie not the ice skating one
BTbGhXZvjdSFubTBg,13,1,F,The one sitting down slouching no arms visible
BTbGhXZvjdSFubTBg,14,1,E,sitting down with both arms above the head looking down
BTbGhXZvjdSFubTBg,15,1,G,The one doing the dramatic yoga pose one arm in front one leg in front not the ice skater
BTbGhXZvjdSFubTBg,16,1,J,the one with the almost square body
BTbGhXZvjdSFubTBg,17,1,K,the one kneeling with head tilted back arms out and feet up
BTbGhXZvjdSFubTBg,18,1,I,the ice skating one
BTbGhXZvjdSFubTBg,19,1,D,the one standing straight with arms outstretched looks like holding a tray
BTbGhXZvjdSFubTBg,20,1,B,kneeling head forward feet showing praying triangle
BTbGhXZvjdSFubTBg,21,1,L,bent knees but not kneeling arms out both feet on floor
BTbGhXZvjdSFubTBg,22,1,C,flying person no legs flat body both arms in air
BTbGhXZvjdSFubTBg,23,1,H,sitting down with no feet showing legs to one side no arms
BTbGhXZvjdSFubTBg,24,2,E,rabbit ears guy
BTbGhXZvjdSFubTBg,25,2,J,square body shape guy
BTbGhXZvjdSFubTBg,26,2,D,person holding a tray upside down top hat
BTbGhXZvjdSFubTBg,27,2,B,puking a triangle guy
BTbGhXZvjdSFubTBg,28,2,F,slouchy guy
BTbGhXZvjdSFubTBg,29,2,A,zombie!
BTbGhXZvjdSFubTBg,30,2,I,ice skater
BTbGhXZvjdSFubTBg,31,2,H,sitting down no arms showing legs to one side the bb
BTbGhXZvjdSFubTBg,32,2,L,knees bent but still standing
BTbGhXZvjdSFubTBg,33,2,G,kung fu guy
BTbGhXZvjdSFubTBg,34,2,K,kneeling with feet up and arms out head up
BTbGhXZvjdSFubTBg,35,2,C,the flying ghost meme
BTbGhXZvjdSFubTBg,36,3,K,the beggar in a hoodie
BTbGhXZvjdSFubTBg,37,3,E,rabbit ears guy
BTbGhXZvjdSFubTBg,38,3,B,puking a triangle
BTbGhXZvjdSFubTBg,39,3,J,square body guy
BTbGhXZvjdSFubTBg,40,3,L,s shaped guy
BTbGhXZvjdSFubTBg,41,3,C,the flying ghost
BTbGhXZvjdSFubTBg,42,3,A,zombie
BTbGhXZvjdSFubTBg,43,3,F,bean bag guy
BTbGhXZvjdSFubTBg,44,3,I,ice skater
BTbGhXZvjdSFubTBg,45,3,H,sitting down with no arms legs to one side
BTbGhXZvjdSFubTBg,46,3,G,kung fu yoga expert
BTbGhXZvjdSFubTBg,47,3,D,upside down top hat
BTbGhXZvjdSFubTBg,48,4,D,upside down top hat
BTbGhXZvjdSFubTBg,49,4,G,kung fu yoga guy again
BTbGhXZvjdSFubTBg,50,4,E,rabbit ears
BTbGhXZvjdSFubTBg,51,4,F,bean bag guy
BTbGhXZvjdSFubTBg,52,4,I,ice skater
BTbGhXZvjdSFubTBg,53,4,L,s shape guy
BTbGhXZvjdSFubTBg,54,4,A,halloween time zombie
BTbGhXZvjdSFubTBg,55,4,H,sitting no arms and legs to one side I will call them Kevin
BTbGhXZvjdSFubTBg,56,4,K,the beggar
BTbGhXZvjdSFubTBg,57,4,J,square shape body guy
BTbGhXZvjdSFubTBg,58,4,B,puking a triangle guy
BTbGhXZvjdSFubTBg,59,4,C,the flying ghost
BTbGhXZvjdSFubTBg,60,5,L,s shape guy
BTbGhXZvjdSFubTBg,61,5,I,ice skater
BTbGhXZvjdSFubTBg,62,5,D,upside down top hat
BTbGhXZvjdSFubTBg,63,5,E,rabbit ears
BTbGhXZvjdSFubTBg,64,5,G,kung fu yoga guy
BTbGhXZvjdSFubTBg,65,5,K,beggar
BTbGhXZvjdSFubTBg,66,5,A,zombie
BTbGhXZvjdSFubTBg,67,5,C,flying ghost
BTbGhXZvjdSFubTBg,68,5,B,puking a triangle
BTbGhXZvjdSFubTBg,69,5,F,bean bag guy
BTbGhXZvjdSFubTBg,70,5,J,square shape body guy
BTbGhXZvjdSFubTBg,71,5,H,kevin the baby
GWCD2NGoiA2n5Wh2i,0,0,G,"looks like a person leaning back, with head forward except there is a small triangle in the back not the one that clearly looks like a person, sorry! no legs left hmm, top i'd say, though leaning forward"
GWCD2NGoiA2n5Wh2i,1,0,D,"ohh man i biffed the last one okay, this guy totally looks like a speaker standing at a podium holding a book, maybe wearing a robe feet to the left, book to the left facing the left i wouldn't say he's wearing a hat"
GWCD2NGoiA2n5Wh2i,2,0,L,"alright, this guy looks similar to the last, except he's facing the right, and kneeling also with a book in hand bent legs, knees to the right, normal head yeah definitely, book looks more triangular back is flat mostly, upright"
GWCD2NGoiA2n5Wh2i,3,0,J,"okay, so this one has a body that is shaped almost like a state like minnesota but a diamond head on top the body is sort of one shape, feet pointing to right also has a little triangle pointing to the right at the top, the shoulder area"
GWCD2NGoiA2n5Wh2i,4,0,F,"anyway this guy looks like they're sitting, legs to the left"
GWCD2NGoiA2n5Wh2i,5,0,I,"this guy looks like he's doing a high kick to the right body leaning to the left weird double triangle body haha like, standing on one leg, with another leg outstretched to the right i wouldn't call what he's wearing a robe yeah ice skater is a good description! yup yup two pointy triangles facing left, with a head, one leg down and one to the right"
GWCD2NGoiA2n5Wh2i,6,0,E,"this looks like a person who is wearing a big ole bow on their head (or like rabbit ears), facing the right also appear to be sitting"
GWCD2NGoiA2n5Wh2i,7,0,C,"this looks like a guy wearing a robe pretending like he's flying both arms outstretched, head sort of leaning to the left parallelogram (i think ) shaped body"
GWCD2NGoiA2n5Wh2i,8,0,H,"oh no okay this one is similar to the one i called minnesota, so like pretty simple, with just a distinct ""head"" diamond and then a body beneath the body has sort of sloping shoulders yeah i think so! bean is a good description lol bean body"
GWCD2NGoiA2n5Wh2i,9,0,B,"uhh this one does not really look like a person to me the shape around the head region looks a bit like the radioactive toxic designation so like, a diamond, with two triangles below it one of the triangles is distinct, the other sort of blends with the body yeah the distinct triangle is to the right the right of the neck this does not look like a person walking to me nah no foot to the right, if anything a foot to the left"
GWCD2NGoiA2n5Wh2i,10,0,A,"my bad guys! anyway this one looks a bit like a guy dancing, both legs to the left, one on the ground and one in the area ""head"" diamond to the right, tilted back for sure yup! pretty distinct feet legs"
GWCD2NGoiA2n5Wh2i,11,0,K,"hmm this one has a diamond head, with another diamond directly beneath triangle to the right below that has a triangle pointing directly up to the left"
GWCD2NGoiA2n5Wh2i,12,1,E,bunny ears again!
GWCD2NGoiA2n5Wh2i,13,1,B,"the one i thought looked radioactive, haha there is a little distinct triangle at the bottom right bottom left!!!"
GWCD2NGoiA2n5Wh2i,14,1,D,"guy standing at podium again, facing left"
GWCD2NGoiA2n5Wh2i,15,1,J,"minnesota lol i'm married but flattered anyway, it's the other simple one, not the bean body"
GWCD2NGoiA2n5Wh2i,16,1,F,"guy sitting', facing the left, legs out, head tilted a bit forward"
GWCD2NGoiA2n5Wh2i,17,1,L,"this is the person holding a book and kneeling, facing right kinda look like they're kneeing in a robe"
GWCD2NGoiA2n5Wh2i,18,1,A,"dancing guy again! legs facing left one up, one on floor not the ice skater"
GWCD2NGoiA2n5Wh2i,19,1,C,flying guyyyy
GWCD2NGoiA2n5Wh2i,20,1,H,bean body!!
GWCD2NGoiA2n5Wh2i,21,1,K,"double diamond, the second directly beneath the head triangle on left pointing up"
GWCD2NGoiA2n5Wh2i,22,1,G,"i think this is the first one i did, with head pointing to the left sort of a tiny-pointed triangle, also pointing left, below the head no not the ice skater, the body doesn't really have distinct ""legs"" though the body is primarily pointing to the left there is a little distinct triangle hanging off the back to the right"
GWCD2NGoiA2n5Wh2i,23,1,I,"this one is the ice skater! one leg down, foot pointing to left, one leg up with the foot out"
GWCD2NGoiA2n5Wh2i,24,2,J,"this one is minnesota again, simple body but not tha bean"
GWCD2NGoiA2n5Wh2i,25,2,I,"ice skater once more! one leg on the ground, with a foot pointing to the left one leg in the air, on the right, foot pointing out"
GWCD2NGoiA2n5Wh2i,26,2,F,"guy sitting, body pointing to the left, distinct leg and foot"
GWCD2NGoiA2n5Wh2i,27,2,D,"this one is podium guy, facing left"
GWCD2NGoiA2n5Wh2i,28,2,E,bunny ears for this one!
GWCD2NGoiA2n5Wh2i,29,2,A,"dancing man this round both legs to left, one up and one on the floor head back to the left to the right"
GWCD2NGoiA2n5Wh2i,30,2,B,"radioactive one here do we have a better description for this one distinct triangle at bottom left, indistinct body to right, with a distinct triangle below the head to the right"
GWCD2NGoiA2n5Wh2i,31,2,L,"kneeling person in a robe for this round, facing right also to the right no not diamond on diamond"
GWCD2NGoiA2n5Wh2i,32,2,C,flying guy on this round
GWCD2NGoiA2n5Wh2i,33,2,G,"i don't know if we have a name for this one head leaning forward and to the left (he looks bummed), with tiny pointy triangle below it, also facing left distinct triangle on the right, sort of hanging off yeah, distinct triangle on bottom right and top right"
GWCD2NGoiA2n5Wh2i,34,2,K,double diamond here i endorse the triangle butt descriptor u would be sad too with a triangle butt :(
GWCD2NGoiA2n5Wh2i,35,2,H,bean body!
GWCD2NGoiA2n5Wh2i,36,3,E,bunny ears
GWCD2NGoiA2n5Wh2i,37,3,D,podium man!
GWCD2NGoiA2n5Wh2i,38,3,L,"kneeling man in a robe, facing right keep it up repi, i think it helps as long as you go first!"
GWCD2NGoiA2n5Wh2i,39,3,H,bean body!
GWCD2NGoiA2n5Wh2i,40,3,C,flying guy!
GWCD2NGoiA2n5Wh2i,41,3,K,"double diamond, triangle at the bottom left that is pointing up"
GWCD2NGoiA2n5Wh2i,42,3,A,dancing man for this round!
GWCD2NGoiA2n5Wh2i,43,3,F,"sitting man this time, facing left, distinct leg and foot last round was def dancing man"
GWCD2NGoiA2n5Wh2i,44,3,I,"this one is the ice skater! one leg up and pointing to the right, one on the ground with foot pointing to the left"
GWCD2NGoiA2n5Wh2i,45,3,B,radioactive man (not fall out boy )
GWCD2NGoiA2n5Wh2i,46,3,J,"minnesota! lemme know if you need more, can't remember if we settled on this description"
GWCD2NGoiA2n5Wh2i,47,3,G,this is bummed guy (triangle butt)
GWCD2NGoiA2n5Wh2i,48,4,E,rabbit ears this time!
GWCD2NGoiA2n5Wh2i,50,4,J,minnesota for this one! (which i think is a state with a nice shape tbh!)
GWCD2NGoiA2n5Wh2i,51,4,G,bummed! guy! triangle! butt!
GWCD2NGoiA2n5Wh2i,52,4,D,"podium man, facing left this time"
GWCD2NGoiA2n5Wh2i,53,4,L,"kneeling man, facing right, holding a book"
GWCD2NGoiA2n5Wh2i,54,4,K,double diamond this time
GWCD2NGoiA2n5Wh2i,55,4,B,radioactive man for this round
GWCD2NGoiA2n5Wh2i,56,4,H,you guys are doing' great :) bean body for this one
GWCD2NGoiA2n5Wh2i,57,4,I,ice skater this time!
GWCD2NGoiA2n5Wh2i,58,4,A,dancing guy for this round!
GWCD2NGoiA2n5Wh2i,59,4,F,"sitting man, facing left for this round"
GWCD2NGoiA2n5Wh2i,60,5,G,"bummed man, triangle butt for this one"
GWCD2NGoiA2n5Wh2i,61,5,A,dancing man for this one!
GWCD2NGoiA2n5Wh2i,62,5,J,minnesota for this round!
GWCD2NGoiA2n5Wh2i,63,5,E,bunny ears for this round! we're really truckin'
GWCD2NGoiA2n5Wh2i,64,5,I,ice skater this time!
GWCD2NGoiA2n5Wh2i,65,5,K,double diamond for this one
GWCD2NGoiA2n5Wh2i,66,5,B,radioactive guy here!
GWCD2NGoiA2n5Wh2i,67,5,H,bean body for this one
GWCD2NGoiA2n5Wh2i,68,5,L,"kneeling man, facing right this time"
GWCD2NGoiA2n5Wh2i,69,5,F,"sitting guy, facing left this round!"
GWCD2NGoiA2n5Wh2i,70,5,D,podium guy this time!
GWCD2NGoiA2n5Wh2i,71,5,C,last oneeee! and it's flying man!!
LzNv7CD7gRuxpk7cQ,0,0,K,right angle triangle in the bottom left corner triangled shaped cutout on the right like a man sat on a chair
LzNv7CD7gRuxpk7cQ,1,0,G,the head is to the left quite wide a small triangle sticking out on the bottom right like a person doing a lunge
LzNv7CD7gRuxpk7cQ,2,0,L,looks like a person bending their knees stood with knees bent centre right knees bent to the right no back legs not up
LzNv7CD7gRuxpk7cQ,3,0,J,body is completely square on the left head in the centre top are left of body are straight lines make a right angle then right side is zig zag
LzNv7CD7gRuxpk7cQ,4,0,H,"feet pointing right can't see arms just head, body and feet like a house shape and then a shape on the bottom for feet and diamond head"
LzNv7CD7gRuxpk7cQ,5,0,D,like a person facing left holding a book
LzNv7CD7gRuxpk7cQ,6,0,E,two triangles on the head right angled triangle for a body
LzNv7CD7gRuxpk7cQ,7,0,B,like somebody kneeling on the floor with a triangle coming from their mouth maybe or with both arms outs to the sides
LzNv7CD7gRuxpk7cQ,8,0,A,like someone dancing with one foot on the ground and one up a little facing left like a head yes like they are kind of leaning back foot sticking out a little to the left
LzNv7CD7gRuxpk7cQ,9,0,F,someone sat on the floor facing left with head down knees in front of them
LzNv7CD7gRuxpk7cQ,10,0,I,like someone ice skating with one leg up facing left both arms pointing left
LzNv7CD7gRuxpk7cQ,11,0,C,both arms up in the arm no legs head between arms
LzNv7CD7gRuxpk7cQ,12,1,E,Like an Indian taking a nap Two feathers on his head
LzNv7CD7gRuxpk7cQ,13,1,I,Like an ice skater
LzNv7CD7gRuxpk7cQ,14,1,A,Like a man facing left marching with a flag over his shoulder Face is pointy looking down
LzNv7CD7gRuxpk7cQ,15,1,C,The one that looked like a ghost
LzNv7CD7gRuxpk7cQ,16,1,H,Man sitting on knees facing right No arms
LzNv7CD7gRuxpk7cQ,17,1,G,Women in long dress facing right dancing the tango
LzNv7CD7gRuxpk7cQ,18,1,D,Man facing left Could be holding a book
LzNv7CD7gRuxpk7cQ,19,1,B,Angel kneeling facing left triangle on right back is angel wings looking up Arms look praying to the left
LzNv7CD7gRuxpk7cQ,20,1,L,Man sitting on chair facing right chair is a parallelogram arms facing right
LzNv7CD7gRuxpk7cQ,21,1,J,the candle
LzNv7CD7gRuxpk7cQ,22,1,F,Person sitting down facing left you can see his knee
LzNv7CD7gRuxpk7cQ,23,1,K,Person facing right sitting on triangle Looks like a choir boy singing to me
LzNv7CD7gRuxpk7cQ,24,2,F,sitting to the left knees up
LzNv7CD7gRuxpk7cQ,25,2,C,ghost
LzNv7CD7gRuxpk7cQ,26,2,K,sitting on a triangle facing right
LzNv7CD7gRuxpk7cQ,27,2,G,long dress tango
LzNv7CD7gRuxpk7cQ,28,2,I,ice skater
LzNv7CD7gRuxpk7cQ,29,2,D,reading a book facing left
LzNv7CD7gRuxpk7cQ,30,2,L,choir boy sat on parallelogram
LzNv7CD7gRuxpk7cQ,31,2,B,kneeling down both arms out like an ninger right could have angel wings
LzNv7CD7gRuxpk7cQ,32,2,J,candle
LzNv7CD7gRuxpk7cQ,33,2,A,looking to the left one leg up pointy face
LzNv7CD7gRuxpk7cQ,34,2,E,indian
LzNv7CD7gRuxpk7cQ,35,2,H,grave stone
LzNv7CD7gRuxpk7cQ,36,3,I,ice skater
LzNv7CD7gRuxpk7cQ,37,3,A,man marching with flag over shoulder
LzNv7CD7gRuxpk7cQ,38,3,K,choir boy sat on a right angled triangle
LzNv7CD7gRuxpk7cQ,39,3,J,candle
LzNv7CD7gRuxpk7cQ,40,3,C,ghost
LzNv7CD7gRuxpk7cQ,41,3,F,man sat on floor with knees up facing left
LzNv7CD7gRuxpk7cQ,42,3,E,indian
LzNv7CD7gRuxpk7cQ,43,3,G,tango
LzNv7CD7gRuxpk7cQ,44,3,H,grave stone
LzNv7CD7gRuxpk7cQ,45,3,D,man reading book facing left
LzNv7CD7gRuxpk7cQ,46,3,B,person kneeling with arms out angle angel
LzNv7CD7gRuxpk7cQ,47,3,L,choir boy sat on parallelogram
LzNv7CD7gRuxpk7cQ,48,4,K,Man facing right sitting on triangle
LzNv7CD7gRuxpk7cQ,49,4,D,Man reading book standing facing left
LzNv7CD7gRuxpk7cQ,50,4,F,Man with knee up facing left
LzNv7CD7gRuxpk7cQ,51,4,C,ghost
LzNv7CD7gRuxpk7cQ,52,4,J,candle
LzNv7CD7gRuxpk7cQ,53,4,I,ice skater
LzNv7CD7gRuxpk7cQ,54,4,A,marching man with flag over shoulder
LzNv7CD7gRuxpk7cQ,55,4,H,grave stone
LzNv7CD7gRuxpk7cQ,56,4,B,angel
LzNv7CD7gRuxpk7cQ,57,4,L,man on parallelogram
LzNv7CD7gRuxpk7cQ,58,4,G,tango dancer
LzNv7CD7gRuxpk7cQ,59,4,E,indian
LzNv7CD7gRuxpk7cQ,60,5,I,ice skater
LzNv7CD7gRuxpk7cQ,61,5,L,on parallelogram
LzNv7CD7gRuxpk7cQ,62,5,D,book reader facing left
LzNv7CD7gRuxpk7cQ,63,5,B,angel
LzNv7CD7gRuxpk7cQ,64,5,J,candle
LzNv7CD7gRuxpk7cQ,65,5,K,on triangle
LzNv7CD7gRuxpk7cQ,66,5,E,indian
LzNv7CD7gRuxpk7cQ,67,5,C,ghost
LzNv7CD7gRuxpk7cQ,68,5,A,flag bearer
LzNv7CD7gRuxpk7cQ,69,5,H,grave stone
LzNv7CD7gRuxpk7cQ,70,5,G,tango dancer
LzNv7CD7gRuxpk7cQ,71,5,F,sitting knees up
MDLyuv29jevaGLSeT,0,0,E,This looks like a person sitting down facing the right They look like they have bunny ears
MDLyuv29jevaGLSeT,1,0,H,"This person is mostly upright, but the bottom part of them points to the right slightly Their head is a diamond"
MDLyuv29jevaGLSeT,2,0,J,"On the left hand side, this person is a straight line all the way down to the bottom They have a diamond for the head"
MDLyuv29jevaGLSeT,3,0,K,This person is hard to describe They look like they are facing right and praying with their arms extended in front of them And kneeling
MDLyuv29jevaGLSeT,4,0,G,This person seems to have blocks trailing behind them Their head is on the left hand side of their body
MDLyuv29jevaGLSeT,5,0,F,This person appears to be facing the left and sitting down with their legs and feet extended in front of them
MDLyuv29jevaGLSeT,6,0,D,"This person seems to be standing up facing left, with their arms extended out in front of them and you can see a small triangle point on the left where their toes would be"
MDLyuv29jevaGLSeT,7,0,B,This person seems to be sitting down with their feet extended to the left behind them They have two medium size triangles that appear to make up their arms
MDLyuv29jevaGLSeT,8,0,A,"This person is facing the left, and you can see both of their legs One is up in the air as if they are taking a step Also, they kind of look like a penguin"
MDLyuv29jevaGLSeT,9,0,C,"This person looks like they are flying, both arms are extended (one on each side of them) and their body is pointed to the right"
MDLyuv29jevaGLSeT,10,0,I,This person is leaning forward and their arms are like two stacked triangles in front of them They seem to be standing on one leg and have their other leg extended on the right side
MDLyuv29jevaGLSeT,11,0,L,This person seems to be bending their knees and facing the right They seem to have their arms extended to the right in front of them It's NOT the one that looks like a nun This one looks more like a man hahah
MDLyuv29jevaGLSeT,12,1,E,bunny ears slouched facing right
MDLyuv29jevaGLSeT,13,1,C,one arm to each side looks like they're flying towards the left
MDLyuv29jevaGLSeT,14,1,H,"looks like they have no legs, sort of banana shaped"
MDLyuv29jevaGLSeT,15,1,J,left half of them is like a square and they appear to be facing right with a diamond head
MDLyuv29jevaGLSeT,16,1,A,"body facing left with one foot in the air, head is hanging backwards also looks like a penguin"
MDLyuv29jevaGLSeT,17,1,G,"almost laying down, body facing right with one hand high and one low and head hanging back"
MDLyuv29jevaGLSeT,18,1,I,on one foot facing left with the back leg at a 90 degree angle back both arms in front
MDLyuv29jevaGLSeT,19,1,L,"facing right with hands out, squatted but not kneeling"
MDLyuv29jevaGLSeT,20,1,K,facing right with hands out and kneeling
MDLyuv29jevaGLSeT,21,1,F,seated facing left with feet extended
MDLyuv29jevaGLSeT,22,1,D,standing up straight facing left with hands out
MDLyuv29jevaGLSeT,23,1,B,kneeling facing right with a triangle hanging out of their mouth
MDLyuv29jevaGLSeT,24,2,L,squated facing right
MDLyuv29jevaGLSeT,25,2,K,kneeling facing right arms out
MDLyuv29jevaGLSeT,26,2,C,arms up in the air
MDLyuv29jevaGLSeT,27,2,F,sitting facing left
MDLyuv29jevaGLSeT,28,2,G,head hanging back
MDLyuv29jevaGLSeT,29,2,A,penguin looking down
MDLyuv29jevaGLSeT,30,2,I,standing on 1 leg arms out
MDLyuv29jevaGLSeT,31,2,B,sitting with a triangle on chin facing right
MDLyuv29jevaGLSeT,32,2,E,bunny
MDLyuv29jevaGLSeT,33,2,D,standing up straight facing left
MDLyuv29jevaGLSeT,34,2,J,facing right back is straight
MDLyuv29jevaGLSeT,35,2,H,banana shape
MDLyuv29jevaGLSeT,36,3,G,Dude looks like the bunny but facing the left Lying down
MDLyuv29jevaGLSeT,37,3,K,Praying on knees facing right
MDLyuv29jevaGLSeT,38,3,A,Dude looks like dracula sneaking up on a victim to the left one leg raised
MDLyuv29jevaGLSeT,39,3,D,Guy stood straight facing left looking down at arms extended to left
MDLyuv29jevaGLSeT,40,3,J,"Guy if half square on the left, small triangle arm on right"
MDLyuv29jevaGLSeT,41,3,H,"Guy has no arms and is sat on his behind, small legs on right No arms small stumps for legs on left Banana man"
MDLyuv29jevaGLSeT,42,3,I,"Guy balancing on one leg like ballerina, arms extended to left"
MDLyuv29jevaGLSeT,43,3,L,Guy squatting with arms out to the left Right
MDLyuv29jevaGLSeT,44,3,C,"Guy has no legs, looks to by flying with arms in the air"
MDLyuv29jevaGLSeT,45,3,B,"Guy that likes to eat triangles, kneeling facing the the right"
MDLyuv29jevaGLSeT,46,3,E,Bunny boy
MDLyuv29jevaGLSeT,47,3,F,Person is sat facing left with their legs out in front of them Looks depressed
MDLyuv29jevaGLSeT,48,4,F,sitting facing left
MDLyuv29jevaGLSeT,49,4,E,bunny
MDLyuv29jevaGLSeT,50,4,G,lying down head leaning to the left
MDLyuv29jevaGLSeT,51,4,H,banana
MDLyuv29jevaGLSeT,52,4,A,penguin
MDLyuv29jevaGLSeT,53,4,I,on one leg
MDLyuv29jevaGLSeT,54,4,K,kneeling facing right praying
MDLyuv29jevaGLSeT,55,4,J,left side straight facing right
MDLyuv29jevaGLSeT,56,4,B,triangle on chin
MDLyuv29jevaGLSeT,57,4,L,squatting facing right arms in front
MDLyuv29jevaGLSeT,58,4,D,facing left arms in front
MDLyuv29jevaGLSeT,59,4,C,arms up flying facing left
MDLyuv29jevaGLSeT,60,5,A,penguin
MDLyuv29jevaGLSeT,61,5,C,flying facing left
MDLyuv29jevaGLSeT,62,5,E,bunny
MDLyuv29jevaGLSeT,63,5,L,squatting facing right
MDLyuv29jevaGLSeT,64,5,J,half a square facing right
MDLyuv29jevaGLSeT,65,5,F,depressed sitting down facing left
MDLyuv29jevaGLSeT,66,5,G,"The one that is hard to describe head back, one arm up, one arm down"
MDLyuv29jevaGLSeT,67,5,K,Praying kneeling facing right
MDLyuv29jevaGLSeT,68,5,D,Standing facing left arms extended in front
MDLyuv29jevaGLSeT,69,5,B,"Kneeling facing right, one arm up on each side"
MDLyuv29jevaGLSeT,70,5,I,"ice skater facing left, one leg extended"
MDLyuv29jevaGLSeT,71,5,H,and finally banana man
MEJ8y7jRW4947MPrH,0,0,K,Person on knees with hands outstretched facing right
MEJ8y7jRW4947MPrH,1,0,A,Person facing left in process of walking (taking step) head' towards back stepping left right leg in air
MEJ8y7jRW4947MPrH,2,0,L,person bending down (but not completely on ground) with hands outstretched in sharp triangle shape facing right legs together facing left not sitting down head slightly tilted (diamond shape)
MEJ8y7jRW4947MPrH,3,0,H,"least resembling human - closest to arrow pointing upwards lowest component slightly tilting to right, middle in shape of arrow pointing upwards, top diamond as head"
MEJ8y7jRW4947MPrH,4,0,D,"lower component similar to long arrow pointing upwards with additional part sticking out to left, diamond for head facing left kind of pointing looks like holding open book to me definitely not cheering"
MEJ8y7jRW4947MPrH,5,0,G,"middle component in something of a rough l-shape pointed left with two arms pointed to right head facing left backwards l-shape head pointing forwards, hands arms backwards closer to sitting head focused left"
MEJ8y7jRW4947MPrH,6,0,I,"odd shape - almost like kicking out leg to the right standing on one leg, kicking other out to right 100% karate kick diamond head on left arms on left"
MEJ8y7jRW4947MPrH,7,0,B,"down on knees pointing right, sharp triangle arms with diamond head not so much blocky body legs behind body in line with ground *feet"
MEJ8y7jRW4947MPrH,8,0,F,"sitting facing left, legs jutting out from body (knees somewhat up), diamond head looking left no arms"
MEJ8y7jRW4947MPrH,9,0,E,"sitting facing right, rabbit ears jutting out from head sharp straight angle for the 'back' two triangles overlapping on bottom smaller triangle for legs on right"
MEJ8y7jRW4947MPrH,10,0,C,"celebratory person - arms extended, diamond head no legs leaning left"
MEJ8y7jRW4947MPrH,11,0,J,blockiest' body with diamond head body wider as it goes up small triangle or 'point' jutting out of top right of body
MEJ8y7jRW4947MPrH,12,1,K,kneeling down arms pointed to the right legs behind body facing left and flicking up to the ceiling diamond head kneeling on them and his feet behind him flicking up to the sky his shoulders also look like the start of another diamond
MEJ8y7jRW4947MPrH,13,1,D,man standing up perfectly straight back arms facing left either pointing left or holding something to his left
MEJ8y7jRW4947MPrH,14,1,J,body gets wider as it goes up diamond head any jutting parts are all to the right yeah his left side is completely straight he gets wider as he goes up
MEJ8y7jRW4947MPrH,15,1,A,"to me this one looks like how frankenstein's monster would walk one leg in the air, the other flat arms up in the air and pointing sharply down diamond head is on the right hand side and kinda falling back well one leg is in the air yeah zombie arms like michael Jackson's Thriller movie"
MEJ8y7jRW4947MPrH,16,1,C,celebration guy no legs body leaning diagonally left
MEJ8y7jRW4947MPrH,17,1,L,man kneeling down facing to the right arms also to the right but feet legs are flat to the ground knees bent facing right he might be holding something or just pointing sharply triangle arm with the flat surface facing the ceiling no not pointing up but it looks very close to that one
MEJ8y7jRW4947MPrH,18,1,G,I think this one looks like a dancer two triangles for arms but one arm is near the head and the other is almost touching the ground body trailing really far back to the left looks like a backwards L diamond head hanging to the left i guess the bottom triangle is a leg actually yeah legs dragged kinda
MEJ8y7jRW4947MPrH,19,1,I,karate kick guy
MEJ8y7jRW4947MPrH,20,1,E,bunny ear guy
MEJ8y7jRW4947MPrH,21,1,B,kneeling down leg at the bottom left both arms spread out to each side of him not really sure what it looks like he's doing he's actually the only one except the celebration guy who has arms at either side yeah triangle arms
MEJ8y7jRW4947MPrH,22,1,H,this one looks like a block no arms and only one little triangle foot at the bottom right facing right this person looks like someone has tied him up in a bag no arms only a little foot hanging to the bottom right bag boy
MEJ8y7jRW4947MPrH,23,1,F,"the last one was the ""gets wider as it goes up"" guy this one is wall leaning man legs stretched to the left knees up yeah like he could be sleeping"
MEJ8y7jRW4947MPrH,24,2,L,diamond head arms left knees bent arms right sorry knees bent to right under knees yes squat with the tray guy
MEJ8y7jRW4947MPrH,25,2,A,Frankenstein
MEJ8y7jRW4947MPrH,26,2,J,block guy arm and leg to the right diamond head left side straight line
MEJ8y7jRW4947MPrH,27,2,H,guy in a bag foot to the right
MEJ8y7jRW4947MPrH,28,2,C,celebration guy no legs
MEJ8y7jRW4947MPrH,29,2,F,sleeping guy sitting to the left no arms knees up
MEJ8y7jRW4947MPrH,30,2,G,dancer arms up in air leg in air other leg dragging facing right I think it looks a lot like a zombie too one foot stepping to the right the other leg dragging
MEJ8y7jRW4947MPrH,31,2,K,"server girl kneeling down feet pointing up to left, arms to right kneeling server girl"
MEJ8y7jRW4947MPrH,32,2,D,Priest standing holding out arms to left offering bread looks like he's holding a pot or something
MEJ8y7jRW4947MPrH,33,2,E,bunny ears guy
MEJ8y7jRW4947MPrH,34,2,B,"kneeling down, diamond head, both arms stretched straight out to side, feet to left behind her Blessing lady no both arms out like wings"
MEJ8y7jRW4947MPrH,35,2,I,"guy on one leg, other leg behind him, arm out forward in front of him, diamond head both arms in front of him karate guy yes forgot sorry!"
MEJ8y7jRW4947MPrH,36,3,L,"it's the one holding the tray to their right, squatting, legs aren't sticking up both arms on right legs aren't sticking up seryes squatting"
MEJ8y7jRW4947MPrH,37,3,A,frankenstein zombie arms
MEJ8y7jRW4947MPrH,38,3,F,wall guy
MEJ8y7jRW4947MPrH,39,3,B,arms spread like wings kneeling down wings guy not the celebration guy
MEJ8y7jRW4947MPrH,40,3,E,bunny ears
MEJ8y7jRW4947MPrH,41,3,G,legs dragging behind them both arms to the right dancer head sticking backwards to the left
MEJ8y7jRW4947MPrH,42,3,J,body gets wider as it goes up little triangle sticking out of the top of the right side of their blocky body
MEJ8y7jRW4947MPrH,43,3,D,facing the left communion guy communion* priest yeah
MEJ8y7jRW4947MPrH,44,3,I,karate
MEJ8y7jRW4947MPrH,45,3,C,celebration
MEJ8y7jRW4947MPrH,46,3,H,bag sack guy
MEJ8y7jRW4947MPrH,47,3,K,server girl legs sticking up to the left arms out to right
MEJ8y7jRW4947MPrH,48,4,J,block man
MEJ8y7jRW4947MPrH,49,4,K,server girl (feet up)
MEJ8y7jRW4947MPrH,50,4,I,karate
MEJ8y7jRW4947MPrH,51,4,L,server girl (no feet) bent knees but not kneeling tray to right
MEJ8y7jRW4947MPrH,52,4,F,wall guy
MEJ8y7jRW4947MPrH,53,4,B,two arms - one coming off body on right two wings guy not celeb
MEJ8y7jRW4947MPrH,54,4,A,frank!
MEJ8y7jRW4947MPrH,55,4,E,bunny
MEJ8y7jRW4947MPrH,56,4,H,bag
MEJ8y7jRW4947MPrH,57,4,D,priest
MEJ8y7jRW4947MPrH,58,4,G,legs dragging on floor to left two arms to right
MEJ8y7jRW4947MPrH,59,4,C,celeb
MEJ8y7jRW4947MPrH,60,5,A,Frank
MEJ8y7jRW4947MPrH,61,5,C,celebrate
MEJ8y7jRW4947MPrH,62,5,K,kneeling server NOT SQUAT GUY
MEJ8y7jRW4947MPrH,63,5,L,"squat boy my margarita says ""Yes life is good"" squat guy squat guy"
MEJ8y7jRW4947MPrH,64,5,I,karate
MEJ8y7jRW4947MPrH,65,5,F,wall boy
MEJ8y7jRW4947MPrH,66,5,D,priest
MEJ8y7jRW4947MPrH,67,5,J,block boy
MEJ8y7jRW4947MPrH,68,5,G,dancer
MEJ8y7jRW4947MPrH,69,5,B,wings boy
MEJ8y7jRW4947MPrH,70,5,H,bag boy
MEJ8y7jRW4947MPrH,71,5,E,bunny
Z2WAkYpWiXwuGcdME,0,0,F,looks like a person sat down facing the left
Z2WAkYpWiXwuGcdME,1,0,J,looks like a large person with two pointy bits pointing right rectangular body on left side
Z2WAkYpWiXwuGcdME,2,0,H,looks like a person without legs kind of sat down with their bottom bit pointing right no arms either
Z2WAkYpWiXwuGcdME,3,0,E,looks like a rabbit lying down facing right kind of triangular body the two ears are triangles not really but kind of on the right hand side
Z2WAkYpWiXwuGcdME,4,0,I,It looks like someone with two legs at 90 degrees right angle kind of like karate kicking yeah with two triangle bits pointing left too
Z2WAkYpWiXwuGcdME,5,0,C,looks like someone throwing their hands in the air
Z2WAkYpWiXwuGcdME,6,0,B,it kind of looks like someone with their arms in the air again but this time kneeling and facing right I would say
Z2WAkYpWiXwuGcdME,7,0,G,this looks kind of like a rabbit again but this time one of the ears is a square and they have a triangle pointed downwards on their right side
Z2WAkYpWiXwuGcdME,8,0,A,This kind of looks like a guy with two feet pointing in the opposite direction to the 'head' standing it's got two quite defined feet one foot in the air
Z2WAkYpWiXwuGcdME,9,0,L,looks like someone begging and facing right but there are two that look like this it's the one which has quite a clear bend in the knee and no triangle pointing out the back
Z2WAkYpWiXwuGcdME,10,0,K,"another begging person, this time one with the triangle out the back"
Z2WAkYpWiXwuGcdME,11,0,D,someone standing and reading a letter manuscript sort of thing facing left
Z2WAkYpWiXwuGcdME,12,1,C,person with arms in the air and standing not kneeling no feet
Z2WAkYpWiXwuGcdME,13,1,J,large squarish person with two points facing right
Z2WAkYpWiXwuGcdME,14,1,K,begging with triangle on back
Z2WAkYpWiXwuGcdME,15,1,B,kneeling with arms in air
Z2WAkYpWiXwuGcdME,16,1,L,begging but without triangle on back
Z2WAkYpWiXwuGcdME,17,1,D,reading letter guy
Z2WAkYpWiXwuGcdME,18,1,E,"rabbit with triangle ears, kind of lying down"
Z2WAkYpWiXwuGcdME,19,1,A,guy with one foot on ground one foot in air but kind of two heads not the karate kick guy
Z2WAkYpWiXwuGcdME,20,1,F,"guy lying sitting down facing left looking kind of sad, head down"
Z2WAkYpWiXwuGcdME,21,1,H,limbless guy sat down
Z2WAkYpWiXwuGcdME,22,1,G,rabbit with square ear
Z2WAkYpWiXwuGcdME,23,1,I,karate kick one
Z2WAkYpWiXwuGcdME,24,2,I,karate guy
Z2WAkYpWiXwuGcdME,25,2,H,limbless
Z2WAkYpWiXwuGcdME,26,2,G,square ear rabbit
Z2WAkYpWiXwuGcdME,27,2,B,arms in air kneeling
Z2WAkYpWiXwuGcdME,28,2,C,arms in air standing
Z2WAkYpWiXwuGcdME,29,2,D,letter
Z2WAkYpWiXwuGcdME,30,2,A,two headed guy with one leg in air defined feet haha
Z2WAkYpWiXwuGcdME,31,2,J,large rectangular
Z2WAkYpWiXwuGcdME,32,2,F,sad sitting
Z2WAkYpWiXwuGcdME,33,2,K,begging triangle back
Z2WAkYpWiXwuGcdME,34,2,L,begging no triangle
Z2WAkYpWiXwuGcdME,35,2,E,triangle bunny
Z2WAkYpWiXwuGcdME,36,3,E,triangle bunny
Z2WAkYpWiXwuGcdME,37,3,L,beg no triangle
Z2WAkYpWiXwuGcdME,38,3,D,letter
Z2WAkYpWiXwuGcdME,39,3,B,arms air kneeling
Z2WAkYpWiXwuGcdME,40,3,G,square bunny
Z2WAkYpWiXwuGcdME,41,3,A,two head guy
Z2WAkYpWiXwuGcdME,42,3,C,arm hair standing
Z2WAkYpWiXwuGcdME,43,3,H,limbless
Z2WAkYpWiXwuGcdME,44,3,I,karate
Z2WAkYpWiXwuGcdME,45,3,K,begging triangle
Z2WAkYpWiXwuGcdME,46,3,J,large rectangle
Z2WAkYpWiXwuGcdME,47,3,F,sad
Z2WAkYpWiXwuGcdME,48,4,E,triangle bunny
Z2WAkYpWiXwuGcdME,49,4,J,rectangle
Z2WAkYpWiXwuGcdME,50,4,K,beg triangle
Z2WAkYpWiXwuGcdME,51,4,A,two head
Z2WAkYpWiXwuGcdME,52,4,H,limbless
Z2WAkYpWiXwuGcdME,53,4,D,letter
Z2WAkYpWiXwuGcdME,54,4,L,beg no triangle
Z2WAkYpWiXwuGcdME,55,4,C,arm air stand
Z2WAkYpWiXwuGcdME,56,4,F,sad
Z2WAkYpWiXwuGcdME,57,4,I,karate
Z2WAkYpWiXwuGcdME,58,4,G,square bunny
Z2WAkYpWiXwuGcdME,59,4,B,arm air kneeling
Z2WAkYpWiXwuGcdME,60,5,B,arm air kneel
Z2WAkYpWiXwuGcdME,61,5,H,limbles
Z2WAkYpWiXwuGcdME,62,5,A,two head
Z2WAkYpWiXwuGcdME,63,5,J,rectangle
Z2WAkYpWiXwuGcdME,64,5,F,sad
Z2WAkYpWiXwuGcdME,65,5,L,beg no triangle
Z2WAkYpWiXwuGcdME,66,5,I,karate
Z2WAkYpWiXwuGcdME,67,5,G,square bunny
Z2WAkYpWiXwuGcdME,68,5,K,beg triangle
Z2WAkYpWiXwuGcdME,69,5,D,letter
Z2WAkYpWiXwuGcdME,70,5,E,triangle bunny
Z2WAkYpWiXwuGcdME,71,5,C,arm hair standing
rSMFkjhskBteiyQMB,0,0,K,"triangle at the bottom, right angled triangle above, 2 rotated squares on top of that They are touching on their points"
rSMFkjhskBteiyQMB,1,0,F,This one looks like a person sat down Their head is a rotated square They look as if they are sad so the head is tilted down 1 knee up no bunny ears
rSMFkjhskBteiyQMB,2,0,H,Looks like a letter 'i' no hand it is just a head and a body more like a baby that has been swaddled in a blanket
rSMFkjhskBteiyQMB,3,0,J,square rotated head The point is touching a straight line and that shape is not a regular shape It looks as if 1 arm is reaching out to the side There appears to be a foot too
rSMFkjhskBteiyQMB,4,0,D,This picture looks like a religious person giving a sermon speech They look as if they are holding a book to one side no their knees are not bent they are straight
rSMFkjhskBteiyQMB,5,0,I,Looks like someone ice skating there arms are out in front of them and they have one leg lifted off the ground yes to 90 degrees
rSMFkjhskBteiyQMB,6,0,B,"Rotated square at the top, a triangle is touching it's point They are touching another triangle this picture looks like an animal sat down"
rSMFkjhskBteiyQMB,7,0,L,This looks like a person giving a speech from a book again but this time with knees bent
rSMFkjhskBteiyQMB,8,0,C,This looks like a person with their arms raised up
rSMFkjhskBteiyQMB,9,0,G,This one has a square on the left ( ear 1 ) and a 4 sided shape on the right (ear 2) it then has another shape that looks like a rectangle going down it connects to a bigger 4 sided shape at the bottom (trapezium ) with a smaller triangle on the right hand side kind of looks like a dog to me
rSMFkjhskBteiyQMB,10,0,A,This one looks like a person dancing They have one foot on the floor and another foot is raised their ears are made from a square shape and then another 4 sided shape
rSMFkjhskBteiyQMB,11,0,E,bunny ears
rSMFkjhskBteiyQMB,12,1,F,man sat down with 1 knee up
rSMFkjhskBteiyQMB,13,1,K,"2 squares at the top, connected at 1 point, the bottom square blends into a triangle squares are directly above each other vertically it's not the bent knee"
rSMFkjhskBteiyQMB,14,1,C,"flailing arm, hugging 2 arms up"
rSMFkjhskBteiyQMB,15,1,G,"looks like a dog, at the top there's a square at the left and a triangle on the right they are connected to another triangle the 3 shapes are connected to a rectangle, connecting to the triangle and a parallelogram"
rSMFkjhskBteiyQMB,16,1,D,speaker no bent knee
rSMFkjhskBteiyQMB,17,1,A,"dancing man, 1 foot up, 1 down, 2 heads"
rSMFkjhskBteiyQMB,18,1,H,swaddled baby
rSMFkjhskBteiyQMB,19,1,I,ice skating man 2 arms ahead 1 leg 90 degrees
rSMFkjhskBteiyQMB,20,1,E,bunny ears
rSMFkjhskBteiyQMB,21,1,J,rotated square touching a straight line feet out pointing to the right the left side of this object is straight all the way except for the head
rSMFkjhskBteiyQMB,22,1,L,speaker with bent knee
rSMFkjhskBteiyQMB,23,1,B,wings man kneeling head facing down
rSMFkjhskBteiyQMB,24,2,I,ice skater
rSMFkjhskBteiyQMB,25,2,D,speaker no bent knee knee
rSMFkjhskBteiyQMB,26,2,A,dancing man
rSMFkjhskBteiyQMB,27,2,L,speaker bent knees
rSMFkjhskBteiyQMB,28,2,B,"wings, man head facing down, kneeling"
rSMFkjhskBteiyQMB,29,2,H,the baby i
rSMFkjhskBteiyQMB,30,2,F,the sad guy sitting down with knees bent up head slightly tilted up
rSMFkjhskBteiyQMB,31,2,G,the one that looks like it's doing the lunge exercise with arms up one leg back one foot in front on the right
rSMFkjhskBteiyQMB,32,2,J,horizontal line one with rotated square head
rSMFkjhskBteiyQMB,33,2,K,looks like the speaker with bent knees but he she is kneeling we'll call it kneeling speaker
rSMFkjhskBteiyQMB,34,2,E,bunny ears
rSMFkjhskBteiyQMB,35,2,C,the one that wants a hug
rSMFkjhskBteiyQMB,36,3,B,"wings kneeling, head tilted down"
rSMFkjhskBteiyQMB,37,3,E,bunny ears
rSMFkjhskBteiyQMB,38,3,G,the one that looks like a dog
rSMFkjhskBteiyQMB,39,3,A,dancing man two heads
rSMFkjhskBteiyQMB,40,3,K,"top has two squares, connected at a point, one under the other The second square looks like its merging into the triangle the last speaker called it a kneeling speaking man - NOT the one with bent knees"
rSMFkjhskBteiyQMB,41,3,H,"baby swaddled, looks like an i"
rSMFkjhskBteiyQMB,42,3,F,"depressed man, sitting down, one knee bent up, head tilted forward"
rSMFkjhskBteiyQMB,43,3,L,"sermon speaker, with bent knees"
rSMFkjhskBteiyQMB,44,3,C,man going in for hug both arms open wide
rSMFkjhskBteiyQMB,45,3,J,"head is rotated square, the left side a straight line"
rSMFkjhskBteiyQMB,46,3,I,ice skating guy
rSMFkjhskBteiyQMB,47,3,D,"man giving a sermon speaking, straight legs"
rSMFkjhskBteiyQMB,48,4,G,dog
rSMFkjhskBteiyQMB,49,4,A,dancing man
rSMFkjhskBteiyQMB,50,4,L,bent speaker
rSMFkjhskBteiyQMB,51,4,C,person trying to hug
rSMFkjhskBteiyQMB,52,4,K,kneeling speaker
rSMFkjhskBteiyQMB,53,4,I,ice skater
rSMFkjhskBteiyQMB,54,4,B,"mouse no, point of square and point of 2 different triangles touches"
rSMFkjhskBteiyQMB,55,4,E,bunny ears
rSMFkjhskBteiyQMB,56,4,F,depressed man bent knee
rSMFkjhskBteiyQMB,57,4,D,speaker straight legs
rSMFkjhskBteiyQMB,58,4,J,square on top of horizontal line
rSMFkjhskBteiyQMB,59,4,H,swaddled baby
rSMFkjhskBteiyQMB,60,5,K,kneeling speaker
rSMFkjhskBteiyQMB,61,5,A,dancing man
rSMFkjhskBteiyQMB,62,5,B,wings
rSMFkjhskBteiyQMB,63,5,F,sad man knee up
rSMFkjhskBteiyQMB,64,5,H,iBaby
rSMFkjhskBteiyQMB,65,5,J,horizontal line man
rSMFkjhskBteiyQMB,66,5,L,bent knee speaker
rSMFkjhskBteiyQMB,67,5,G,dog
rSMFkjhskBteiyQMB,68,5,E,bunny ears
rSMFkjhskBteiyQMB,69,5,I,ice skater
rSMFkjhskBteiyQMB,70,5,C,hug
rSMFkjhskBteiyQMB,71,5,D,speaker straight
x8BXJBHh3RxchPoHv,0,0,F,it's like a man sitting on the ground he is facing to the left of the screen
x8BXJBHh3RxchPoHv,1,0,C,it's like a ghost type figure arms raised leaning to the left slightly
x8BXJBHh3RxchPoHv,2,0,B,like someone kneeling facing to the right of screen arms raised
x8BXJBHh3RxchPoHv,3,0,I,reminds me of a figure skater one leg raised behind them they are facing to the left of screen both arms stretched to the left
x8BXJBHh3RxchPoHv,4,0,E,like a sitting bunny rabbit facing to the right of screen two triangles on the head like ears
x8BXJBHh3RxchPoHv,5,0,J,quite a large block like figure solid on the left hand side yeah kind of one arm to the right at the top
x8BXJBHh3RxchPoHv,6,0,A,this one has dangling legs it reminds me of someone like hanging off the edge of something head is on the right hand side
x8BXJBHh3RxchPoHv,7,0,L,facing to the right knees seem to be bent but not kneeling all the way down could be holding a book or pointing to the right their legs are a kind of zigzag yeah crouching is a good word
x8BXJBHh3RxchPoHv,8,0,K,"ah, maybe this is the similar one to last time kneeling feet up behind hand pointing to the right"
x8BXJBHh3RxchPoHv,9,0,D,facing to the left holding a book or something like that sort of reminds me of someone giving a sermon
x8BXJBHh3RxchPoHv,10,0,H,almost like a swaddled baby slight protrusion of a foot on the right no arms visible
x8BXJBHh3RxchPoHv,11,0,G,this reminds me of the dancer emoji arm and leg out to the right
x8BXJBHh3RxchPoHv,12,1,E,It is the bunny rabbit two triangles for ears
x8BXJBHh3RxchPoHv,13,1,B,Kneeling down with arms spread wide facing right
x8BXJBHh3RxchPoHv,14,1,C,the ghost looking figure leaning to the left
x8BXJBHh3RxchPoHv,15,1,K,kneeling down with arms pointing towards the right full kneeling
x8BXJBHh3RxchPoHv,16,1,H,like the swaddled baby
x8BXJBHh3RxchPoHv,17,1,G,the dance emoji
x8BXJBHh3RxchPoHv,18,1,F,sat down facing left knees up
x8BXJBHh3RxchPoHv,19,1,A,the person hanging off something dangly legs left foot higher than the other
x8BXJBHh3RxchPoHv,20,1,J,head and large body left side of body solid right side with a small arm pointing right
x8BXJBHh3RxchPoHv,21,1,L,crouching down with arms together pointing right
x8BXJBHh3RxchPoHv,22,1,D,person giving a sermon facing left
x8BXJBHh3RxchPoHv,23,1,I,figure skater
x8BXJBHh3RxchPoHv,24,2,C,ghost leaning left
x8BXJBHh3RxchPoHv,25,2,A,person hanging off ledge
x8BXJBHh3RxchPoHv,26,2,E,bunny rabbit
x8BXJBHh3RxchPoHv,27,2,L,crouching facing right
x8BXJBHh3RxchPoHv,28,2,J,blocky body
x8BXJBHh3RxchPoHv,29,2,B,kneeling with arms on each side looking down slightly
x8BXJBHh3RxchPoHv,30,2,K,kneeling facing right
x8BXJBHh3RxchPoHv,31,2,G,dancing emoji
x8BXJBHh3RxchPoHv,32,2,H,baby swaddled
x8BXJBHh3RxchPoHv,33,2,I,figure skater
x8BXJBHh3RxchPoHv,34,2,D,giving sermon facing left
x8BXJBHh3RxchPoHv,35,2,F,sitting down facing left knees up
x8BXJBHh3RxchPoHv,36,3,H,swaddled baby
x8BXJBHh3RxchPoHv,37,3,D,sermon
x8BXJBHh3RxchPoHv,38,3,E,bunny rabbit
x8BXJBHh3RxchPoHv,39,3,A,dangling
x8BXJBHh3RxchPoHv,40,3,J,blocky body arm to the right
x8BXJBHh3RxchPoHv,41,3,B,looking down slightly kneeling on the ground right arm higher than the other no kneeling
x8BXJBHh3RxchPoHv,42,3,K,"kneeling, arms up to the right, feet up"
x8BXJBHh3RxchPoHv,43,3,G,dancer
x8BXJBHh3RxchPoHv,44,3,L,crouching arms up facing right
x8BXJBHh3RxchPoHv,45,3,F,sitting down facing left knees up
x8BXJBHh3RxchPoHv,46,3,I,figure skater
x8BXJBHh3RxchPoHv,47,3,C,ghost
x8BXJBHh3RxchPoHv,48,4,L,crouching
x8BXJBHh3RxchPoHv,49,4,J,blocky
x8BXJBHh3RxchPoHv,50,4,E,bunny
x8BXJBHh3RxchPoHv,51,4,I,skater
x8BXJBHh3RxchPoHv,52,4,G,dancing emoji
x8BXJBHh3RxchPoHv,53,4,D,sermon
x8BXJBHh3RxchPoHv,54,4,B,arms either side facing right
x8BXJBHh3RxchPoHv,55,4,H,swaddled
x8BXJBHh3RxchPoHv,56,4,A,dangling
x8BXJBHh3RxchPoHv,57,4,F,facing left knees up
x8BXJBHh3RxchPoHv,58,4,K,praying right edge of triangle behind
x8BXJBHh3RxchPoHv,59,4,C,ghost
x8BXJBHh3RxchPoHv,60,5,I,skater
x8BXJBHh3RxchPoHv,61,5,B,kneeling both arms out
x8BXJBHh3RxchPoHv,62,5,C,ghost
x8BXJBHh3RxchPoHv,63,5,L,crouching
x8BXJBHh3RxchPoHv,64,5,G,dancer emoji
x8BXJBHh3RxchPoHv,65,5,J,blocky
x8BXJBHh3RxchPoHv,66,5,K,praying person
x8BXJBHh3RxchPoHv,67,5,E,bunny
x8BXJBHh3RxchPoHv,68,5,D,sermon
x8BXJBHh3RxchPoHv,69,5,A,dangling
x8BXJBHh3RxchPoHv,70,5,F,sitting down knees up facing left
x8BXJBHh3RxchPoHv,71,5,H,swaddled
zviCQXNM4xWoYTmoY,0,0,K,"the picture looks like someone kneeling down on the floor and holding their hands out in front of them, feet sticking up behind them, elbows sticking out slightly behind their back yeah like a diamond"
zviCQXNM4xWoYTmoY,1,0,B,"I guess it looks like a dog sitting down, with a big pointy face, a diamond on it's head and a triangle on the back of it's head Hard to describe the main body isn't a clear shape, but the diamond and triangle on the top are clear"
zviCQXNM4xWoYTmoY,2,0,J,okay it has a straight left edge and a diamond on the top sort of like half a candle
zviCQXNM4xWoYTmoY,3,0,C,person leaning backwards with arms in the air
zviCQXNM4xWoYTmoY,4,0,L,"person bending their knees and holding hands out in front of them diamond head just bending knees, not kneeling down"
zviCQXNM4xWoYTmoY,5,0,E,two triangles on the head body is triangle body looks like a mountain
zviCQXNM4xWoYTmoY,6,0,G,"erm like lots of weird shapes Doesn't look like anything flat base bottom left, diamond near the top, small triangle bottom right"
zviCQXNM4xWoYTmoY,7,0,A,"like a person walking lifting one foot up, leaning head back a bit, holding a cloth in front of them lifting the foot up in front of them not behind"
zviCQXNM4xWoYTmoY,8,0,H,boring shape just one big shape and a diamond on top Like the candle one but not a flat top under the diamond yeah sticks out a bit
zviCQXNM4xWoYTmoY,9,0,D,like a priest holding hands out little feet sticking out at the bottom yeah facing left
zviCQXNM4xWoYTmoY,10,0,F,"person sitting down with legs out in front of them, facing left, head hanging forwards a bit"
zviCQXNM4xWoYTmoY,11,0,I,like an ice skater with two triangles sticking out to the left and a tiny one at the right
zviCQXNM4xWoYTmoY,12,1,E,the one with two triangles on the top
zviCQXNM4xWoYTmoY,13,1,F,person sitting with legs out bent to the left again
zviCQXNM4xWoYTmoY,14,1,G,the weird shapes again that doesn't look like anything small triangle in bottom right yeah flat bottom to the left
zviCQXNM4xWoYTmoY,15,1,B,"diamond and triangle near the top, the rest is one big shape"
zviCQXNM4xWoYTmoY,16,1,K,"person kneeling on the floor with feet sticking up behind them, arms out in front Facing right think it was the first one we did"
zviCQXNM4xWoYTmoY,17,1,C,leaning backwards with arms up
zviCQXNM4xWoYTmoY,18,1,L,"bending knees, facing right, arms out in front"
zviCQXNM4xWoYTmoY,19,1,D,priest facing left arms out
zviCQXNM4xWoYTmoY,20,1,J,"candle one flat edge on left and top, diamond on top"
zviCQXNM4xWoYTmoY,21,1,H,"the one that one person thought was the candle one haha one big shape, diamond bit at the top, small triangle sticking out bottom right"
zviCQXNM4xWoYTmoY,22,1,A,"person facing left lifting foot up in front of them, leaning head back"
zviCQXNM4xWoYTmoY,23,1,I,ice skater with leg out behind
zviCQXNM4xWoYTmoY,24,2,K,"first one again kneeling on floor, feet sticking up behind, facing right, arms out in front"
zviCQXNM4xWoYTmoY,25,2,G,weird shapes one with small triangle bottom right and flat base diamond top left
zviCQXNM4xWoYTmoY,26,2,C,leaning back arms up
zviCQXNM4xWoYTmoY,27,2,D,priest
zviCQXNM4xWoYTmoY,28,2,A,"lifting foot up in front, holding cloth"
zviCQXNM4xWoYTmoY,29,2,I,ice skater
zviCQXNM4xWoYTmoY,30,2,E,bunny one with two triangles at the top
zviCQXNM4xWoYTmoY,31,2,H,"the one that isn't the candle one one big shape and diamond at the top, triangle bottom right"
zviCQXNM4xWoYTmoY,32,2,B,dog diamond and triangle at the top
zviCQXNM4xWoYTmoY,33,2,F,person sitting facing left with legs out bent in front of them
zviCQXNM4xWoYTmoY,34,2,L,"bending knees and holding hands out, facing right"
zviCQXNM4xWoYTmoY,35,2,J,candle
zviCQXNM4xWoYTmoY,36,3,I,ice skater
zviCQXNM4xWoYTmoY,37,3,B,dog
zviCQXNM4xWoYTmoY,38,3,L,bending knees hands out again
zviCQXNM4xWoYTmoY,39,3,C,leaning back arms up
zviCQXNM4xWoYTmoY,40,3,K,"kneeling on floor, feet sticking up behind, facing right, arms out in front"
zviCQXNM4xWoYTmoY,41,3,F,legs out bent in front facing left
zviCQXNM4xWoYTmoY,42,3,G,weird shapes one with small triangle bottom right and flat base
zviCQXNM4xWoYTmoY,43,3,D,priest
zviCQXNM4xWoYTmoY,44,3,J,candle
zviCQXNM4xWoYTmoY,45,3,A,lifting foot up holding cloth
zviCQXNM4xWoYTmoY,46,3,E,bunny
zviCQXNM4xWoYTmoY,47,3,H,not the candle
zviCQXNM4xWoYTmoY,48,4,C,leaning back arms up
zviCQXNM4xWoYTmoY,49,4,B,dog
zviCQXNM4xWoYTmoY,50,4,E,bunny
zviCQXNM4xWoYTmoY,51,4,F,legs out bent in front sitting
zviCQXNM4xWoYTmoY,52,4,I,ice skater
zviCQXNM4xWoYTmoY,53,4,G,weird shapes one
zviCQXNM4xWoYTmoY,54,4,A,lifting foot up holding cloth
zviCQXNM4xWoYTmoY,55,4,H,not the candle
zviCQXNM4xWoYTmoY,56,4,L,bending knees arms out
zviCQXNM4xWoYTmoY,57,4,D,priest
zviCQXNM4xWoYTmoY,58,4,K,"kneeling on floor, feet sticking up behind arms out"
zviCQXNM4xWoYTmoY,59,4,J,candle
zviCQXNM4xWoYTmoY,60,5,K,kneeling on floor feet sticking up behind
zviCQXNM4xWoYTmoY,61,5,A,lifting foot up holding cloth
zviCQXNM4xWoYTmoY,62,5,D,priest
zviCQXNM4xWoYTmoY,63,5,F,sitting with legs bent out in front
zviCQXNM4xWoYTmoY,64,5,B,dog
zviCQXNM4xWoYTmoY,65,5,G,weird shapes one
zviCQXNM4xWoYTmoY,66,5,H,not the candle
zviCQXNM4xWoYTmoY,67,5,J,candle
zviCQXNM4xWoYTmoY,68,5,E,bunny
zviCQXNM4xWoYTmoY,69,5,I,ice skater
zviCQXNM4xWoYTmoY,70,5,L,bending knees
zviCQXNM4xWoYTmoY,71,5,C,leaning back arms up
